{"cameraMode":{"drawMode":0,"name":"Shaded","section":"Shading Mode"},"sceneLighting":true,"audioPlay":false,"sceneViewState":{"m_AlwaysRefresh":false,"showFog":true,"showSkybox":true,"showFlares":true,"showImageEffects":true,"showParticleSystems":true,"showVisualEffectGraphs":true,"m_FxEnabled":false},"in2DMode":false,"pivot":{"x":-7.238999843597412,"y":1.430999994277954,"z":3.240000009536743},"rotation":{"x":0.11911439150571823,"y":-0.018775764852762224,"z":0.002424448961392045,"w":0.9928142428398132},"size":0.8660253882408142,"orthographic":false}