{"cameraMode":{"drawMode":0,"name":"Shaded","section":"Shading Mode"},"sceneLighting":true,"audioPlay":false,"sceneViewState":{"m_AlwaysRefresh":false,"showFog":true,"showSkybox":true,"showFlares":true,"showImageEffects":true,"showParticleSystems":true,"showVisualEffectGraphs":true,"m_FxEnabled":false},"in2DMode":false,"pivot":{"x":0.18619319796562196,"y":2.026383638381958,"z":1.2657016515731812},"rotation":{"x":0.1874685436487198,"y":0.44806912541389468,"z":-0.09648008644580841,"w":0.868906557559967},"size":0.015728265047073365,"orthographic":false}