{"cameraMode":{"drawMode":0,"name":"Shaded","section":"Shading Mode"},"sceneLighting":true,"audioPlay":false,"sceneViewState":{"m_AlwaysRefresh":false,"showFog":true,"showSkybox":true,"showFlares":true,"showImageEffects":true,"showParticleSystems":true,"showVisualEffectGraphs":true,"m_FxEnabled":false},"in2DMode":false,"pivot":{"x":-15.770746231079102,"y":0.38205236196517947,"z":-0.8778369426727295},"rotation":{"x":-0.09020338952541352,"y":0.7330286502838135,"z":-0.09911783784627915,"w":-0.6670114398002625},"size":2.6729917526245119,"orthographic":false}