{"cameraMode":{"drawMode":0,"name":"Shaded","section":"Shading Mode"},"sceneLighting":false,"audioPlay":false,"sceneViewState":{"m_AlwaysRefresh":false,"showFog":true,"showSkybox":false,"showFlares":true,"showImageEffects":true,"showParticleSystems":true,"showVisualEffectGraphs":true,"m_FxEnabled":false},"in2DMode":false,"pivot":{"x":-0.324625700712204,"y":1.1011241674423218,"z":-0.8191829919815064},"rotation":{"x":0.007160271983593702,"y":-0.9811801314353943,"z":0.03711725398898125,"w":0.18950580060482026},"size":1.941323161125183,"orthographic":false}