{"cameraMode":{"drawMode":0,"name":"Shaded","section":"Shading Mode"},"sceneLighting":false,"audioPlay":false,"sceneViewState":{"m_AlwaysRefresh":false,"showFog":true,"showSkybox":false,"showFlares":true,"showImageEffects":true,"showParticleSystems":true,"showVisualEffectGraphs":true,"m_FxEnabled":false},"in2DMode":false,"pivot":{"x":1.6474658250808716,"y":1.3337830305099488,"z":1.3926175832748414},"rotation":{"x":-0.05235826224088669,"y":-0.8236083388328552,"z":0.07707393914461136,"w":-0.5594902038574219},"size":2.0089478492736818,"orthographic":false}